--black-(w3c)-shadow: 1px 1px 3px #000000; 
--night-shadow: 1px 1px 3px #0C090A; 
--charcoal-shadow: 1px 1px 3px #34282C; 
--oil-shadow: 1px 1px 3px #3B3131; 
--dark-gray-shadow: 1px 1px 3px #3A3B3C; 
--light-black-shadow: 1px 1px 3px #454545; 
--black-cat-shadow: 1px 1px 3px #413839; 
--iridium-shadow: 1px 1px 3px #3D3C3A; 
--black-eel-shadow: 1px 1px 3px #463E3F; 
--black-cow-shadow: 1px 1px 3px #4C4646; 
--gray-wolf-shadow: 1px 1px 3px #504A4B; 
--vampire-gray-shadow: 1px 1px 3px #565051; 
--iron-gray-shadow: 1px 1px 3px #52595D; 
--gray-dolphin-shadow: 1px 1px 3px #5C5858; 
--carbon-gray-shadow: 1px 1px 3px #625D5D; 
--ash-gray-shadow: 1px 1px 3px #666362; 
--dimgray-or-dimgrey-(w3c)-shadow: 1px 1px 3px #696969; 
--nardo-gray-shadow: 1px 1px 3px #686A6C; 
--cloudy-gray-shadow: 1px 1px 3px #6D6968; 
--smokey-gray-shadow: 1px 1px 3px #726E6D; 
--alien-gray-shadow: 1px 1px 3px #736F6E; 
--sonic-silver-shadow: 1px 1px 3px #757575; 
--platinum-gray-shadow: 1px 1px 3px #797979; 
--granite-shadow: 1px 1px 3px #837E7C; 
--gray-or-grey-(w3c)-shadow: 1px 1px 3px #808080; 
--battleship-gray-shadow: 1px 1px 3px #848482; 
--gunmetal-gray-shadow: 1px 1px 3px #8D918D; 
--darkgray-or-darkgrey-(w3c)-shadow: 1px 1px 3px #A9A9A9; 
--gray-cloud-shadow: 1px 1px 3px #B6B6B4; 
--silver-(w3c)-shadow: 1px 1px 3px #C0C0C0; 
--pale-silver-shadow: 1px 1px 3px #C9C0BB; 
--gray-goose-shadow: 1px 1px 3px #D1D0CE; 
--platinum-silver-shadow: 1px 1px 3px #CECECE; 
--lightgray-or-lightgrey-(w3c)-shadow: 1px 1px 3px #D3D3D3; 
--silver-white-shadow: 1px 1px 3px #DADBDD; 
--gainsboro-(w3c)-shadow: 1px 1px 3px #DCDCDC; 
--platinum-shadow: 1px 1px 3px #E5E4E2; 
--metallic-silver-shadow: 1px 1px 3px #BCC6CC; 
--blue-gray-shadow: 1px 1px 3px #98AFC7; 
--roman-silver-shadow: 1px 1px 3px #838996; 
--lightslategray-or-lightslategrey-(w3c)-shadow: 1px 1px 3px #778899; 
--slategray-or-slategrey-(w3c)-shadow: 1px 1px 3px #708090; 
--rat-gray-shadow: 1px 1px 3px #6D7B8D; 
--slate-granite-gray-shadow: 1px 1px 3px #657383; 
--jet-gray-shadow: 1px 1px 3px #616D7E; 
--mist-blue-shadow: 1px 1px 3px #646D7E; 
--marble-blue-shadow: 1px 1px 3px #566D7E; 
--slate-blue-grey-shadow: 1px 1px 3px #737CA1; 
--light-purple-blue-shadow: 1px 1px 3px #728FCE; 
--azure-blue-shadow: 1px 1px 3px #4863A0; 
--blue-jay-shadow: 1px 1px 3px #2B547E; 
--charcoal-blue-shadow: 1px 1px 3px #36454F; 
--dark-blue-grey-shadow: 1px 1px 3px #29465B; 
--dark-slate-shadow: 1px 1px 3px #2B3856; 
--deep-sea-blue-shadow: 1px 1px 3px #123456; 
--night-blue-shadow: 1px 1px 3px #151B54; 
--midnightblue-(w3c)-shadow: 1px 1px 3px #191970; 
--navy-(w3c)-shadow: 1px 1px 3px #000080; 
--denim-dark-blue-shadow: 1px 1px 3px #151B8D; 
--darkblue-(w3c)-shadow: 1px 1px 3px #00008B; 
--lapis-blue-shadow: 1px 1px 3px #15317E; 
--new-midnight-blue-shadow: 1px 1px 3px #0000A0; 
--earth-blue-shadow: 1px 1px 3px #0000A5; 
--cobalt-blue-shadow: 1px 1px 3px #0020C2; 
--mediumblue-(w3c)-shadow: 1px 1px 3px #0000CD; 
--blueberry-blue-shadow: 1px 1px 3px #0041C2; 
--canary-blue-shadow: 1px 1px 3px #2916F5; 
--blue-(w3c)-shadow: 1px 1px 3px #0000FF; 
--samco-blue-shadow: 1px 1px 3px #0002FF; 
--bright-blue-shadow: 1px 1px 3px #0909FF; 
--blue-orchid-shadow: 1px 1px 3px #1F45FC; 
--sapphire-blue-shadow: 1px 1px 3px #2554C7; 
--blue-eyes-shadow: 1px 1px 3px #1569C7; 
--bright-navy-blue-shadow: 1px 1px 3px #1974D2; 
--balloon-blue-shadow: 1px 1px 3px #2B60DE; 
--royalblue-(w3c)-shadow: 1px 1px 3px #4169E1; 
--ocean-blue-shadow: 1px 1px 3px #2B65EC; 
--blue-ribbon-shadow: 1px 1px 3px #306EFF; 
--blue-dress-shadow: 1px 1px 3px #157DEC; 
--neon-blue-shadow: 1px 1px 3px #1589FF; 
--dodgerblue-(w3c)-shadow: 1px 1px 3px #1E90FF; 
--glacial-blue-ice-shadow: 1px 1px 3px #368BC1; 
--steelblue-(w3c)-shadow: 1px 1px 3px #4682B4; 
--silk-blue-shadow: 1px 1px 3px #488AC7; 
--windows-blue-shadow: 1px 1px 3px #357EC7; 
--blue-ivy-shadow: 1px 1px 3px #3090C7; 
--blue-koi-shadow: 1px 1px 3px #659EC7; 
--columbia-blue-shadow: 1px 1px 3px #87AFC7; 
--baby-blue-shadow: 1px 1px 3px #95B9C7; 
--cornflowerblue-(w3c)-shadow: 1px 1px 3px #6495ED; 
--sky-blue-dress-shadow: 1px 1px 3px #6698FF; 
--iceberg-shadow: 1px 1px 3px #56A5EC; 
--butterfly-blue-shadow: 1px 1px 3px #38ACEC; 
--deepskyblue-(w3c)-shadow: 1px 1px 3px #00BFFF; 
--midday-blue-shadow: 1px 1px 3px #3BB9FF; 
--crystal-blue-shadow: 1px 1px 3px #5CB3FF; 
--denim-blue-shadow: 1px 1px 3px #79BAEC; 
--day-sky-blue-shadow: 1px 1px 3px #82CAFF; 
--lightskyblue-(w3c)-shadow: 1px 1px 3px #87CEFA; 
--skyblue-(w3c)-shadow: 1px 1px 3px #87CEEB; 
--jeans-blue-shadow: 1px 1px 3px #A0CFEC; 
--blue-angel-shadow: 1px 1px 3px #B7CEEC; 
--pastel-blue-shadow: 1px 1px 3px #B4CFEC; 
--light-day-blue-shadow: 1px 1px 3px #ADDFFF; 
--sea-blue-shadow: 1px 1px 3px #C2DFFF; 
--heavenly-blue-shadow: 1px 1px 3px #C6DEFF; 
--robin-egg-blue-shadow: 1px 1px 3px #BDEDFF; 
--powderblue-(w3c)-shadow: 1px 1px 3px #B0E0E6; 
--coral-blue-shadow: 1px 1px 3px #AFDCEC; 
--lightblue-(w3c)-shadow: 1px 1px 3px #ADD8E6; 
--lightsteelblue-(w3c)-shadow: 1px 1px 3px #B0CFDE; 
--gulf-blue-shadow: 1px 1px 3px #C9DFEC; 
--pastel-light-blue-shadow: 1px 1px 3px #D5D6EA; 
--lavender-blue-shadow: 1px 1px 3px #E3E4FA; 
--white-blue-shadow: 1px 1px 3px #DBE9FA; 
--lavender-(w3c)-shadow: 1px 1px 3px #E6E6FA; 
--water-shadow: 1px 1px 3px #EBF4FA; 
--aliceblue-(w3c)-shadow: 1px 1px 3px #F0F8FF; 
--ghostwhite-(w3c)-shadow: 1px 1px 3px #F8F8FF; 
--azure-(w3c)-shadow: 1px 1px 3px #F0FFFF; 
--lightcyan-(w3c)-shadow: 1px 1px 3px #E0FFFF; 
--light-slate-shadow: 1px 1px 3px #CCFFFF; 
--electric-blue-shadow: 1px 1px 3px #9AFEFF; 
--tron-blue-shadow: 1px 1px 3px #7DFDFE; 
--blue-zircon-shadow: 1px 1px 3px #57FEFF; 
--aqua-or-cyan-(w3c)-shadow: 1px 1px 3px #00FFFF; 
--bright-cyan-shadow: 1px 1px 3px #0AFFFF; 
--celeste-shadow: 1px 1px 3px #50EBEC; 
--blue-diamond-shadow: 1px 1px 3px #4EE2EC; 
--bright-turquoise-shadow: 1px 1px 3px #16E2F5; 
--blue-lagoon-shadow: 1px 1px 3px #8EEBEC; 
--paleturquoise-(w3c)-shadow: 1px 1px 3px #AFEEEE; 
--pale-blue-lily-shadow: 1px 1px 3px #CFECEC; 
--light-teal-shadow: 1px 1px 3px #B3D9D9; 
--tiffany-blue-shadow: 1px 1px 3px #81D8D0; 
--blue-hosta-shadow: 1px 1px 3px #77BFC7; 
--cyan-opaque-shadow: 1px 1px 3px #92C7C7; 
--northern-lights-blue-shadow: 1px 1px 3px #78C7C7; 
--blue-green-shadow: 1px 1px 3px #7BCCB5; 
--mediumaquamarine-(w3c)-shadow: 1px 1px 3px #66CDAA; 
--magic-mint-shadow: 1px 1px 3px #AAF0D1; 
--light-aquamarine-shadow: 1px 1px 3px #93FFE8; 
--aquamarine-(w3c)-shadow: 1px 1px 3px #7FFFD4; 
--bright-teal-shadow: 1px 1px 3px #01F9C6; 
--turquoise-(w3c)-shadow: 1px 1px 3px #40E0D0; 
--mediumturquoise-(w3c)-shadow: 1px 1px 3px #48D1CC; 
--deep-turquoise-shadow: 1px 1px 3px #48CCCD; 
--jellyfish-shadow: 1px 1px 3px #46C7C7; 
--blue-turquoise-shadow: 1px 1px 3px #43C6DB; 
--darkturquoise-(w3c)-shadow: 1px 1px 3px #00CED1; 
--macaw-blue-green-shadow: 1px 1px 3px #43BFC7; 
--lightseagreen-(w3c)-shadow: 1px 1px 3px #20B2AA; 
--seafoam-green-shadow: 1px 1px 3px #3EA99F; 
--cadetblue-(w3c)-shadow: 1px 1px 3px #5F9EA0; 
--deep-sea-shadow: 1px 1px 3px #3B9C9C; 
--darkcyan-(w3c)-shadow: 1px 1px 3px #008B8B; 
--teal-green-shadow: 1px 1px 3px #00827F; 
--teal-(w3c)-shadow: 1px 1px 3px #008080; 
--teal-blue-shadow: 1px 1px 3px #007C80; 
--medium-teal-shadow: 1px 1px 3px #045F5F; 
--dark-teal-shadow: 1px 1px 3px #045D5D; 
--deep-teal-shadow: 1px 1px 3px #033E3E; 
--darkslategray-or-darkslategrey-(w3c)-shadow: 1px 1px 3px #25383C; 
--gunmetal-shadow: 1px 1px 3px #2C3539; 
--blue-moss-green-shadow: 1px 1px 3px #3C565B; 
--beetle-green-shadow: 1px 1px 3px #4C787E; 
--grayish-turquoise-shadow: 1px 1px 3px #5E7D7E; 
--greenish-blue-shadow: 1px 1px 3px #307D7E; 
--aquamarine-stone-shadow: 1px 1px 3px #348781; 
--sea-turtle-green-shadow: 1px 1px 3px #438D80; 
--dull-sea-green-shadow: 1px 1px 3px #4E8975; 
--dark-green-blue-shadow: 1px 1px 3px #1F6357; 
--deep-sea-green-shadow: 1px 1px 3px #306754; 
--bottle-green-shadow: 1px 1px 3px #006A4E; 
--seagreen-(w3c)-shadow: 1px 1px 3px #2E8B57; 
--elf-green-shadow: 1px 1px 3px #1B8A6B; 
--dark-mint-shadow: 1px 1px 3px #31906E; 
--jade-shadow: 1px 1px 3px #00A36C; 
--earth-green-shadow: 1px 1px 3px #34A56F; 
--chrome-green-shadow: 1px 1px 3px #1AA260; 
--emerald-shadow: 1px 1px 3px #50C878; 
--mint-shadow: 1px 1px 3px #3EB489; 
--mediumseagreen-(w3c)-shadow: 1px 1px 3px #3CB371; 
--metallic-green-shadow: 1px 1px 3px #7C9D8E; 
--camouflage-green-shadow: 1px 1px 3px #78866B; 
--sage-green-shadow: 1px 1px 3px #848B79; 
--hazel-green-shadow: 1px 1px 3px #617C58; 
--venom-green-shadow: 1px 1px 3px #728C00; 
--olivedrab-(w3c)-shadow: 1px 1px 3px #6B8E23; 
--olive-(w3c)-shadow: 1px 1px 3px #808000; 
--darkolivegreen-(w3c)-shadow: 1px 1px 3px #556B2F; 
--military-green-shadow: 1px 1px 3px #4E5B31; 
--green-leaves-shadow: 1px 1px 3px #3A5F0B; 
--army-green-shadow: 1px 1px 3px #4B5320; 
--fern-green-shadow: 1px 1px 3px #667C26; 
--fall-forest-green-shadow: 1px 1px 3px #4E9258; 
--irish-green-shadow: 1px 1px 3px #08A04B; 
--pine-green-shadow: 1px 1px 3px #387C44; 
--medium-forest-green-shadow: 1px 1px 3px #347235; 
--jungle-green-shadow: 1px 1px 3px #347C2C; 
--cactus-green-shadow: 1px 1px 3px #227442; 
--forestgreen-(w3c)-shadow: 1px 1px 3px #228B22; 
--green-(w3c)-shadow: 1px 1px 3px #008000; 
--darkgreen-(w3c)-shadow: 1px 1px 3px #006400; 
--deep-green-shadow: 1px 1px 3px #056608; 
--deep-emerald-green-shadow: 1px 1px 3px #046307; 
--hunter-green-shadow: 1px 1px 3px #355E3B; 
--dark-forest-green-shadow: 1px 1px 3px #254117; 
--lotus-green-shadow: 1px 1px 3px #004225; 
--seaweed-green-shadow: 1px 1px 3px #437C17; 
--shamrock-green-shadow: 1px 1px 3px #347C17; 
--green-onion-shadow: 1px 1px 3px #6AA121; 
--moss-green-shadow: 1px 1px 3px #8A9A5B; 
--grass-green-shadow: 1px 1px 3px #3F9B0B; 
--green-pepper-shadow: 1px 1px 3px #4AA02C; 
--dark-lime-green-shadow: 1px 1px 3px #41A317; 
--parrot-green-shadow: 1px 1px 3px #12AD2B; 
--clover-green-shadow: 1px 1px 3px #3EA055; 
--dinosaur-green-shadow: 1px 1px 3px #73A16C; 
--green-snake-shadow: 1px 1px 3px #6CBB3C; 
--alien-green-shadow: 1px 1px 3px #6CC417; 
--green-apple-shadow: 1px 1px 3px #4CC417; 
--limegreen-(w3c)-shadow: 1px 1px 3px #32CD32; 
--pea-green-shadow: 1px 1px 3px #52D017; 
--kelly-green-shadow: 1px 1px 3px #4CC552; 
--zombie-green-shadow: 1px 1px 3px #54C571; 
--green-peas-shadow: 1px 1px 3px #89C35C; 
--dollar-bill-green-shadow: 1px 1px 3px #85BB65; 
--frog-green-shadow: 1px 1px 3px #99C68E; 
--turquoise-green-shadow: 1px 1px 3px #A0D6B4; 
--darkseagreen-(w3c)-shadow: 1px 1px 3px #8FBC8F; 
--basil-green-shadow: 1px 1px 3px #829F82; 
--gray-green-shadow: 1px 1px 3px #A2AD9C; 
--iguana-green-shadow: 1px 1px 3px #9CB071; 
--citron-green-shadow: 1px 1px 3px #8FB31D; 
--acid-green-shadow: 1px 1px 3px #B0BF1A; 
--avocado-green-shadow: 1px 1px 3px #B2C248; 
--pistachio-green-shadow: 1px 1px 3px #9DC209; 
--salad-green-shadow: 1px 1px 3px #A1C935; 
--yellowgreen-(w3c)-shadow: 1px 1px 3px #9ACD32; 
--pastel-green-shadow: 1px 1px 3px #77DD77; 
--hummingbird-green-shadow: 1px 1px 3px #7FE817; 
--nebula-green-shadow: 1px 1px 3px #59E817; 
--stoplight-go-green-shadow: 1px 1px 3px #57E964; 
--neon-green-shadow: 1px 1px 3px #16F529; 
--jade-green-shadow: 1px 1px 3px #5EFB6E; 
--lime-mint-green-shadow: 1px 1px 3px #36F57F; 
--springgreen-(w3c)-shadow: 1px 1px 3px #00FF7F; 
--mediumspringgreen-(w3c)-shadow: 1px 1px 3px #00FA9A; 
--emerald-green-shadow: 1px 1px 3px #5FFB17; 
--lime-(w3c)-shadow: 1px 1px 3px #00FF00; 
--lawngreen-(w3c)-shadow: 1px 1px 3px #7CFC00; 
--bright-green-shadow: 1px 1px 3px #66FF00; 
--chartreuse-(w3c)-shadow: 1px 1px 3px #7FFF00; 
--yellow-lawn-green-shadow: 1px 1px 3px #87F717; 
--aloe-vera-green-shadow: 1px 1px 3px #98F516; 
--dull-green-yellow-shadow: 1px 1px 3px #B1FB17; 
--lemon-green-shadow: 1px 1px 3px #ADF802; 
--greenyellow-(w3c)-shadow: 1px 1px 3px #ADFF2F; 
--chameleon-green-shadow: 1px 1px 3px #BDF516; 
--neon-yellow-green-shadow: 1px 1px 3px #DAEE01; 
--yellow-green-grosbeak-shadow: 1px 1px 3px #E2F516; 
--tea-green-shadow: 1px 1px 3px #CCFB5D; 
--slime-green-shadow: 1px 1px 3px #BCE954; 
--algae-green-shadow: 1px 1px 3px #64E986; 
--lightgreen-(w3c)-shadow: 1px 1px 3px #90EE90; 
--dragon-green-shadow: 1px 1px 3px #6AFB92; 
--palegreen-(w3c)-shadow: 1px 1px 3px #98FB98; 
--mint-green-shadow: 1px 1px 3px #98FF98; 
--green-thumb-shadow: 1px 1px 3px #B5EAAA; 
--organic-brown-shadow: 1px 1px 3px #E3F9A6; 
--light-jade-shadow: 1px 1px 3px #C3FDB8; 
--light-mint-green-shadow: 1px 1px 3px #C2E5D3; 
--light-rose-green-shadow: 1px 1px 3px #DBF9DB; 
--chrome-white-shadow: 1px 1px 3px #E8F1D4; 
--honeydew-(w3c)-shadow: 1px 1px 3px #F0FFF0; 
--mintcream-(w3c)-shadow: 1px 1px 3px #F5FFFA; 
--lemonchiffon-(w3c)-shadow: 1px 1px 3px #FFFACD; 
--parchment-shadow: 1px 1px 3px #FFFFC2; 
--cream-shadow: 1px 1px 3px #FFFFCC; 
--cream-white-shadow: 1px 1px 3px #FFFDD0; 
--lightgoldenrodyellow-(w3c)-shadow: 1px 1px 3px #FAFAD2; 
--lightyellow-(w3c)-shadow: 1px 1px 3px #FFFFE0; 
--beige-(w3c)-shadow: 1px 1px 3px #F5F5DC; 
--cornsilk-(w3c)-shadow: 1px 1px 3px #FFF8DC; 
--blonde-shadow: 1px 1px 3px #FBF6D9; 
--champagne-shadow: 1px 1px 3px #F7E7CE; 
--antiquewhite-(w3c)-shadow: 1px 1px 3px #FAEBD7; 
--papayawhip-(w3c)-shadow: 1px 1px 3px #FFEFD5; 
--blanchedalmond-(w3c)-shadow: 1px 1px 3px #FFEBCD; 
--bisque-(w3c)-shadow: 1px 1px 3px #FFE4C4; 
--wheat-(w3c)-shadow: 1px 1px 3px #F5DEB3; 
--moccasin-(w3c)-shadow: 1px 1px 3px #FFE4B5; 
--peach-shadow: 1px 1px 3px #FFE5B4; 
--light-orange-shadow: 1px 1px 3px #FED8B1; 
--peachpuff-(w3c)-shadow: 1px 1px 3px #FFDAB9; 
--coral-peach-shadow: 1px 1px 3px #FBD5AB; 
--navajowhite-(w3c)-shadow: 1px 1px 3px #FFDEAD; 
--golden-blonde-shadow: 1px 1px 3px #FBE7A1; 
--golden-silk-shadow: 1px 1px 3px #F3E3C3; 
--dark-blonde-shadow: 1px 1px 3px #F0E2B6; 
--light-gold-shadow: 1px 1px 3px #F1E5AC; 
--vanilla-shadow: 1px 1px 3px #F3E5AB; 
--tan-brown-shadow: 1px 1px 3px #ECE5B6; 
--dirty-white-shadow: 1px 1px 3px #E8E4C9; 
--palegoldenrod-(w3c)-shadow: 1px 1px 3px #EEE8AA; 
--khaki-(w3c)-shadow: 1px 1px 3px #F0E68C; 
--cardboard-brown-shadow: 1px 1px 3px #EDDA74; 
--harvest-gold-shadow: 1px 1px 3px #EDE275; 
--sun-yellow-shadow: 1px 1px 3px #FFE87C; 
--corn-yellow-shadow: 1px 1px 3px #FFF380; 
--pastel-yellow-shadow: 1px 1px 3px #FAF884; 
--neon-yellow-shadow: 1px 1px 3px #FFFF33; 
--yellow-(w3c)-shadow: 1px 1px 3px #FFFF00; 
--canary-yellow-shadow: 1px 1px 3px #FFEF00; 
--banana-yellow-shadow: 1px 1px 3px #F5E216; 
--mustard-yellow-shadow: 1px 1px 3px #FFDB58; 
--golden-yellow-shadow: 1px 1px 3px #FFDF00; 
--bold-yellow-shadow: 1px 1px 3px #F9DB24; 
--rubber-ducky-yellow-shadow: 1px 1px 3px #FFD801; 
--gold-(w3c)-shadow: 1px 1px 3px #FFD700; 
--bright-gold-shadow: 1px 1px 3px #FDD017; 
--chrome-gold-shadow: 1px 1px 3px #FFCE44; 
--golden-brown-shadow: 1px 1px 3px #EAC117; 
--deep-yellow-shadow: 1px 1px 3px #F6BE00; 
--macaroni-and-cheese-shadow: 1px 1px 3px #F2BB66; 
--saffron-shadow: 1px 1px 3px #FBB917; 
--neon-gold-shadow: 1px 1px 3px #FDBD01; 
--beer-shadow: 1px 1px 3px #FBB117; 
--yellow-orange-or-orange-yellow-shadow: 1px 1px 3px #FFAE42; 
--cantaloupe-shadow: 1px 1px 3px #FFA62F; 
--cheese-orange-shadow: 1px 1px 3px #FFA600; 
--orange-(w3c)-shadow: 1px 1px 3px #FFA500; 
--brown-sand-shadow: 1px 1px 3px #EE9A4D; 
--sandybrown-(w3c)-shadow: 1px 1px 3px #F4A460; 
--brown-sugar-shadow: 1px 1px 3px #E2A76F; 
--camel-brown-shadow: 1px 1px 3px #C19A6B; 
--deer-brown-shadow: 1px 1px 3px #E6BF83; 
--burlywood-(w3c)-shadow: 1px 1px 3px #DEB887; 
--tan-(w3c)-shadow: 1px 1px 3px #D2B48C; 
--light-french-beige-shadow: 1px 1px 3px #C8AD7F; 
--sand-shadow: 1px 1px 3px #C2B280; 
--sage-shadow: 1px 1px 3px #BCB88A; 
--fall-leaf-brown-shadow: 1px 1px 3px #C8B560; 
--ginger-brown-shadow: 1px 1px 3px #C9BE62; 
--bronze-gold-shadow: 1px 1px 3px #C9AE5D; 
--darkkhaki-(w3c)-shadow: 1px 1px 3px #BDB76B; 
--olive-green-shadow: 1px 1px 3px #BAB86C; 
--brass-shadow: 1px 1px 3px #B5A642; 
--cookie-brown-shadow: 1px 1px 3px #C7A317; 
--metallic-gold-shadow: 1px 1px 3px #D4AF37; 
--bee-yellow-shadow: 1px 1px 3px #E9AB17; 
--school-bus-yellow-shadow: 1px 1px 3px #E8A317; 
--goldenrod-(w3c)-shadow: 1px 1px 3px #DAA520; 
--orange-gold-shadow: 1px 1px 3px #D4A017; 
--caramel-shadow: 1px 1px 3px #C68E17; 
--darkgoldenrod-(w3c)-shadow: 1px 1px 3px #B8860B; 
--cinnamon-shadow: 1px 1px 3px #C58917; 
--peru-(w3c)-shadow: 1px 1px 3px #CD853F; 
--bronze-shadow: 1px 1px 3px #CD7F32; 
--tiger-orange-shadow: 1px 1px 3px #C88141; 
--copper-shadow: 1px 1px 3px #B87333; 
--dark-gold-shadow: 1px 1px 3px #AA6C39; 
--metallic-bronze-shadow: 1px 1px 3px #A97142; 
--dark-almond-shadow: 1px 1px 3px #AB784E; 
--wood-shadow: 1px 1px 3px #966F33; 
--oak-brown-shadow: 1px 1px 3px #806517; 
--antique-bronze-shadow: 1px 1px 3px #665D1E; 
--hazel-shadow: 1px 1px 3px #8E7618; 
--dark-yellow-shadow: 1px 1px 3px #8B8000; 
--dark-moccasin-shadow: 1px 1px 3px #827839; 
--khaki-green-shadow: 1px 1px 3px #8A865D; 
--millennium-jade-shadow: 1px 1px 3px #93917C; 
--dark-beige-shadow: 1px 1px 3px #9F8C76; 
--bullet-shell-shadow: 1px 1px 3px #AF9B60; 
--army-brown-shadow: 1px 1px 3px #827B60; 
--sandstone-shadow: 1px 1px 3px #786D5F; 
--taupe-shadow: 1px 1px 3px #483C32; 
--mocha-shadow: 1px 1px 3px #493D26; 
--milk-chocolate-shadow: 1px 1px 3px #513B1C; 
--gray-brown-shadow: 1px 1px 3px #3D3635; 
--dark-coffee-shadow: 1px 1px 3px #3B2F2F; 
--old-burgundy-shadow: 1px 1px 3px #43302E; 
--western-charcoal-shadow: 1px 1px 3px #49413F; 
--bakers-brown-shadow: 1px 1px 3px #5C3317; 
--dark-brown-shadow: 1px 1px 3px #654321; 
--sepia-brown-shadow: 1px 1px 3px #704214; 
--dark-bronze-shadow: 1px 1px 3px #804A00; 
--coffee-shadow: 1px 1px 3px #6F4E37; 
--brown-bear-shadow: 1px 1px 3px #835C3B; 
--red-dirt-shadow: 1px 1px 3px #7F5217; 
--sepia-shadow: 1px 1px 3px #7F462C; 
--sienna-(w3c)-shadow: 1px 1px 3px #A0522D; 
--saddlebrown-(w3c)-shadow: 1px 1px 3px #8B4513; 
--dark-sienna-shadow: 1px 1px 3px #8A4117; 
--sangria-shadow: 1px 1px 3px #7E3817; 
--blood-red-shadow: 1px 1px 3px #7E3517; 
--chestnut-shadow: 1px 1px 3px #954535; 
--coral-brown-shadow: 1px 1px 3px #9E4638; 
--chestnut-red-shadow: 1px 1px 3px #C34A2C; 
--mahogany-shadow: 1px 1px 3px #C04000; 
--red-gold-shadow: 1px 1px 3px #EB5406; 
--red-fox-shadow: 1px 1px 3px #C35817; 
--dark-bisque-shadow: 1px 1px 3px #B86500; 
--light-brown-shadow: 1px 1px 3px #B5651D; 
--petra-gold-shadow: 1px 1px 3px #B76734; 
--rust-shadow: 1px 1px 3px #C36241; 
--copper-red-shadow: 1px 1px 3px #CB6D51; 
--orange-salmon-shadow: 1px 1px 3px #C47451; 
--chocolate-(w3c)-shadow: 1px 1px 3px #D2691E; 
--sedona-shadow: 1px 1px 3px #CC6600; 
--papaya-orange-shadow: 1px 1px 3px #E56717; 
--halloween-orange-shadow: 1px 1px 3px #E66C2C; 
--neon-orange-shadow: 1px 1px 3px #FF6700; 
--bright-orange-shadow: 1px 1px 3px #FF5F1F; 
--pumpkin-orange-shadow: 1px 1px 3px #F87217; 
--carrot-orange-shadow: 1px 1px 3px #F88017; 
--darkorange-(w3c)-shadow: 1px 1px 3px #FF8C00; 
--construction-cone-orange-shadow: 1px 1px 3px #F87431; 
--indian-saffron-shadow: 1px 1px 3px #FF7722; 
--sunrise-orange-shadow: 1px 1px 3px #E67451; 
--mango-orange-shadow: 1px 1px 3px #FF8040; 
--coral-(w3c)-shadow: 1px 1px 3px #FF7F50; 
--basket-ball-orange-shadow: 1px 1px 3px #F88158; 
--light-salmon-rose-shadow: 1px 1px 3px #F9966B; 
--lightsalmon-(w3c)-shadow: 1px 1px 3px #FFA07A; 
--darksalmon-(w3c)-shadow: 1px 1px 3px #E9967A; 
--tangerine-shadow: 1px 1px 3px #E78A61; 
--light-copper-shadow: 1px 1px 3px #DA8A67; 
--salmon-pink-shadow: 1px 1px 3px #FF8674; 
--salmon-(w3c)-shadow: 1px 1px 3px #FA8072; 
--peach-pink-shadow: 1px 1px 3px #F98B88; 
--lightcoral-(w3c)-shadow: 1px 1px 3px #F08080; 
--pastel-red-shadow: 1px 1px 3px #F67280; 
--pink-coral-shadow: 1px 1px 3px #E77471; 
--bean-red-shadow: 1px 1px 3px #F75D59; 
--valentine-red-shadow: 1px 1px 3px #E55451; 
--indianred-(w3c)-shadow: 1px 1px 3px #CD5C5C; 
--tomato-(w3c)-shadow: 1px 1px 3px #FF6347; 
--shocking-orange-shadow: 1px 1px 3px #E55B3C; 
--orangered-(w3c)-shadow: 1px 1px 3px #FF4500; 
--red-(w3c)-shadow: 1px 1px 3px #FF0000; 
--neon-red-shadow: 1px 1px 3px #FD1C03; 
--scarlet-red-shadow: 1px 1px 3px #FF2400; 
--ruby-red-shadow: 1px 1px 3px #F62217; 
--ferrari-red-shadow: 1px 1px 3px #F70D1A; 
--fire-engine-red-shadow: 1px 1px 3px #F62817; 
--lava-red-shadow: 1px 1px 3px #E42217; 
--love-red-shadow: 1px 1px 3px #E41B17; 
--grapefruit-shadow: 1px 1px 3px #DC381F; 
--cherry-red-shadow: 1px 1px 3px #C24641; 
--chilli-pepper-shadow: 1px 1px 3px #C11B17; 
--firebrick-(w3c)-shadow: 1px 1px 3px #B22222; 
--tomato-sauce-red-shadow: 1px 1px 3px #B21807; 
--brown-(w3c)-shadow: 1px 1px 3px #A52A2A; 
--carbon-red-shadow: 1px 1px 3px #A70D2A; 
--cranberry-shadow: 1px 1px 3px #9F000F; 
--saffron-red-shadow: 1px 1px 3px #931314; 
--crimson-red-shadow: 1px 1px 3px #990000; 
--red-wine-or-wine-red-shadow: 1px 1px 3px #990012; 
--darkred-(w3c)-shadow: 1px 1px 3px #8B0000; 
--maroon-(w3c)-shadow: 1px 1px 3px #800000; 
--burgundy-shadow: 1px 1px 3px #8C001A; 
--vermilion-shadow: 1px 1px 3px #7E191B; 
--deep-red-shadow: 1px 1px 3px #800517; 
--red-blood-shadow: 1px 1px 3px #660000; 
--blood-night-shadow: 1px 1px 3px #551606; 
--dark-scarlet-shadow: 1px 1px 3px #560319; 
--black-bean-shadow: 1px 1px 3px #3D0C02; 
--chocolate-brown-shadow: 1px 1px 3px #3F000F; 
--midnight-shadow: 1px 1px 3px #2B1B17; 
--purple-lily-shadow: 1px 1px 3px #550A35; 
--purple-maroon-shadow: 1px 1px 3px #810541; 
--plum-pie-shadow: 1px 1px 3px #7D0541; 
--plum-velvet-shadow: 1px 1px 3px #7D0552; 
--dark-raspberry-shadow: 1px 1px 3px #872657; 
--velvet-maroon-shadow: 1px 1px 3px #7E354D; 
--rosy-finch-shadow: 1px 1px 3px #7F4E52; 
--dull-purple-shadow: 1px 1px 3px #7F525D; 
--puce-shadow: 1px 1px 3px #7F5A58; 
--rose-dust-shadow: 1px 1px 3px #997070; 
--pastel-brown-shadow: 1px 1px 3px #B1907F; 
--rosy-pink-shadow: 1px 1px 3px #B38481; 
--rosybrown-(w3c)-shadow: 1px 1px 3px #BC8F8F; 
--khaki-rose-shadow: 1px 1px 3px #C5908E; 
--lipstick-pink-shadow: 1px 1px 3px #C48793; 
--pink-brown-shadow: 1px 1px 3px #C48189; 
--old-rose-shadow: 1px 1px 3px #C08081; 
--dusty-pink-shadow: 1px 1px 3px #D58A94; 
--pink-daisy-shadow: 1px 1px 3px #E799A3; 
--rose-shadow: 1px 1px 3px #E8ADAA; 
--dusty-rose-shadow: 1px 1px 3px #C9A9A6; 
--silver-pink-shadow: 1px 1px 3px #C4AEAD; 
--gold-pink-shadow: 1px 1px 3px #E6C7C2; 
--rose-gold-shadow: 1px 1px 3px #ECC5C0; 
--deep-peach-shadow: 1px 1px 3px #FFCBA4; 
--pastel-orange-shadow: 1px 1px 3px #F8B88B; 
--desert-sand-shadow: 1px 1px 3px #EDC9AF; 
--unbleached-silk-shadow: 1px 1px 3px #FFDDCA; 
--pig-pink-shadow: 1px 1px 3px #FDD7E4; 
--pale-pink-shadow: 1px 1px 3px #F2D4D7; 
--blush-shadow: 1px 1px 3px #FFE6E8; 
--mistyrose-(w3c)-shadow: 1px 1px 3px #FFE4E1; 
--pink-bubble-gum-shadow: 1px 1px 3px #FFDFDD; 
--light-rose-shadow: 1px 1px 3px #FBCFCD; 
--light-red-shadow: 1px 1px 3px #FFCCCB; 
--warm-pink-shadow: 1px 1px 3px #F6C6BD; 
--deep-rose-shadow: 1px 1px 3px #FBBBB9; 
--pink-(w3c)-shadow: 1px 1px 3px #FFC0CB; 
--lightpink-(w3c)-shadow: 1px 1px 3px #FFB6C1; 
--soft-pink-shadow: 1px 1px 3px #FFB8BF; 
--donut-pink-shadow: 1px 1px 3px #FAAFBE; 
--baby-pink-shadow: 1px 1px 3px #FAAFBA; 
--flamingo-pink-shadow: 1px 1px 3px #F9A7B0; 
--pastel-pink-shadow: 1px 1px 3px #FEA3AA; 
--rose-pink-or-pink-rose-shadow: 1px 1px 3px #E7A1B0; 
--cadillac-pink-shadow: 1px 1px 3px #E38AAE; 
--carnation-pink-shadow: 1px 1px 3px #F778A1; 
--pastel-rose-shadow: 1px 1px 3px #E5788F; 
--blush-red-shadow: 1px 1px 3px #E56E94; 
--palevioletred-(w3c)-shadow: 1px 1px 3px #DB7093; 
--purple-pink-shadow: 1px 1px 3px #D16587; 
--tulip-pink-shadow: 1px 1px 3px #C25A7C; 
--bashful-pink-shadow: 1px 1px 3px #C25283; 
--dark-pink-shadow: 1px 1px 3px #E75480; 
--dark-hot-pink-shadow: 1px 1px 3px #F660AB; 
--hotpink-(w3c)-shadow: 1px 1px 3px #FF69B4; 
--watermelon-pink-shadow: 1px 1px 3px #FC6C85; 
--violet-red-shadow: 1px 1px 3px #F6358A; 
--hot-deep-pink-shadow: 1px 1px 3px #F52887; 
--bright-pink-shadow: 1px 1px 3px #FF007F; 
--deeppink-(w3c)-shadow: 1px 1px 3px #FF1493; 
--neon-pink-shadow: 1px 1px 3px #F535AA; 
--chrome-pink-shadow: 1px 1px 3px #FF33AA; 
--neon-hot-pink-shadow: 1px 1px 3px #FD349C; 
--pink-cupcake-shadow: 1px 1px 3px #E45E9D; 
--royal-pink-shadow: 1px 1px 3px #E759AC; 
--dimorphotheca-magenta-shadow: 1px 1px 3px #E3319D; 
--pink-lemonade-shadow: 1px 1px 3px #E4287C; 
--red-pink-shadow: 1px 1px 3px #FA2A55; 
--raspberry-shadow: 1px 1px 3px #E30B5D; 
--crimson-(w3c)-shadow: 1px 1px 3px #DC143C; 
--bright-maroon-shadow: 1px 1px 3px #C32148; 
--rose-red-shadow: 1px 1px 3px #C21E56; 
--rogue-pink-shadow: 1px 1px 3px #C12869; 
--burnt-pink-shadow: 1px 1px 3px #C12267; 
--pink-violet-shadow: 1px 1px 3px #CA226B; 
--magenta-pink-shadow: 1px 1px 3px #CC338B; 
--mediumvioletred-(w3c)-shadow: 1px 1px 3px #C71585; 
--dark-carnation-pink-shadow: 1px 1px 3px #C12283; 
--raspberry-purple-shadow: 1px 1px 3px #B3446C; 
--pink-plum-shadow: 1px 1px 3px #B93B8F; 
--orchid-(w3c)-shadow: 1px 1px 3px #DA70D6; 
--deep-mauve-shadow: 1px 1px 3px #DF73D4; 
--violet-(w3c)-shadow: 1px 1px 3px #EE82EE; 
--fuchsia-pink-shadow: 1px 1px 3px #FF77FF; 
--bright-neon-pink-shadow: 1px 1px 3px #F433FF; 
--fuchsia-or-magenta-(w3c)-shadow: 1px 1px 3px #FF00FF; 
--crimson-purple-shadow: 1px 1px 3px #E238EC; 
--heliotrope-purple-shadow: 1px 1px 3px #D462FF; 
--tyrian-purple-shadow: 1px 1px 3px #C45AEC; 
--mediumorchid-(w3c)-shadow: 1px 1px 3px #BA55D3; 
--purple-flower-shadow: 1px 1px 3px #A74AC7; 
--orchid-purple-shadow: 1px 1px 3px #B048B5; 
--rich-lilac-shadow: 1px 1px 3px #B666D2; 
--pastel-violet-shadow: 1px 1px 3px #D291BC; 
--mauve-taupe-shadow: 1px 1px 3px #915F6D; 
--viola-purple-shadow: 1px 1px 3px #7E587E; 
--eggplant-shadow: 1px 1px 3px #614051; 
--plum-purple-shadow: 1px 1px 3px #583759; 
--grape-shadow: 1px 1px 3px #5E5A80; 
--purple-navy-shadow: 1px 1px 3px #4E5180; 
--slateblue-(w3c)-shadow: 1px 1px 3px #6A5ACD; 
--blue-lotus-shadow: 1px 1px 3px #6960EC; 
--blurple-shadow: 1px 1px 3px #5865F2; 
--light-slate-blue-shadow: 1px 1px 3px #736AFF; 
--mediumslateblue-(w3c)-shadow: 1px 1px 3px #7B68EE; 
--periwinkle-purple-shadow: 1px 1px 3px #7575CF; 
--very-peri-shadow: 1px 1px 3px #6667AB; 
--bright-grape-shadow: 1px 1px 3px #6F2DA8; 
--purple-amethyst-shadow: 1px 1px 3px #6C2DC7; 
--bright-purple-shadow: 1px 1px 3px #6A0DAD; 
--deep-periwinkle-shadow: 1px 1px 3px #5453A6; 
--darkslateblue-(w3c)-shadow: 1px 1px 3px #483D8B; 
--purple-haze-shadow: 1px 1px 3px #4E387E; 
--purple-iris-shadow: 1px 1px 3px #571B7E; 
--dark-purple-shadow: 1px 1px 3px #4B0150; 
--deep-purple-shadow: 1px 1px 3px #36013F; 
--midnight-purple-shadow: 1px 1px 3px #2E1A47; 
--purple-monster-shadow: 1px 1px 3px #461B7E; 
--indigo-(w3c)-shadow: 1px 1px 3px #4B0082; 
--blue-whale-shadow: 1px 1px 3px #342D7E; 
--rebeccapurple-(w3c)-shadow: 1px 1px 3px #663399; 
--purple-jam-shadow: 1px 1px 3px #6A287E; 
--darkmagenta-(w3c)-shadow: 1px 1px 3px #8B008B; 
--purple-(w3c)-shadow: 1px 1px 3px #800080; 
--french-lilac-shadow: 1px 1px 3px #86608E; 
--darkorchid-(w3c)-shadow: 1px 1px 3px #9932CC; 
--darkviolet-(w3c)-shadow: 1px 1px 3px #9400D3; 
--purple-violet-shadow: 1px 1px 3px #8D38C9; 
--jasmine-purple-shadow: 1px 1px 3px #A23BEC; 
--purple-daffodil-shadow: 1px 1px 3px #B041FF; 
--clematis-violet-shadow: 1px 1px 3px #842DCE; 
--blueviolet-(w3c)-shadow: 1px 1px 3px #8A2BE2; 
--purple-sage-bush-shadow: 1px 1px 3px #7A5DC7; 
--lovely-purple-shadow: 1px 1px 3px #7F38EC; 
--neon-purple-shadow: 1px 1px 3px #9D00FF; 
--purple-plum-shadow: 1px 1px 3px #8E35EF; 
--aztech-purple-shadow: 1px 1px 3px #893BFF; 
--mediumpurple-(w3c)-shadow: 1px 1px 3px #9370DB; 
--light-purple-shadow: 1px 1px 3px #8467D7; 
--crocus-purple-shadow: 1px 1px 3px #9172EC; 
--purple-mimosa-shadow: 1px 1px 3px #9E7BFF; 
--periwinkle-shadow: 1px 1px 3px #CCCCFF; 
--pale-lilac-shadow: 1px 1px 3px #DCD0FF; 
--lavender-purple-shadow: 1px 1px 3px #967BB6; 
--rose-purple-shadow: 1px 1px 3px #B09FCA; 
--lilac-shadow: 1px 1px 3px #C8A2C8; 
--mauve-shadow: 1px 1px 3px #E0B0FF; 
--bright-lilac-shadow: 1px 1px 3px #D891EF; 
--purple-dragon-shadow: 1px 1px 3px #C38EC7; 
--plum-(w3c)-shadow: 1px 1px 3px #DDA0DD; 
--blush-pink-shadow: 1px 1px 3px #E6A9EC; 
--pastel-purple-shadow: 1px 1px 3px #F2A2E8; 
--blossom-pink-shadow: 1px 1px 3px #F9B7FF; 
--wisteria-purple-shadow: 1px 1px 3px #C6AEC7; 
--purple-thistle-shadow: 1px 1px 3px #D2B9D3; 
--thistle-(w3c)-shadow: 1px 1px 3px #D8BFD8; 
--purple-white-shadow: 1px 1px 3px #DFD3E3; 
--periwinkle-pink-shadow: 1px 1px 3px #E9CFEC; 
--cotton-candy-shadow: 1px 1px 3px #FCDFFF; 
--lavender-pinocchio-shadow: 1px 1px 3px #EBDDE2; 
--dark-white-shadow: 1px 1px 3px #E1D9D1; 
--ash-white-shadow: 1px 1px 3px #E9E4D4; 
--white-chocolate-shadow: 1px 1px 3px #EDE6D6; 
--soft-ivory-shadow: 1px 1px 3px #FAF0DD; 
--off-white-shadow: 1px 1px 3px #F8F0E3; 
--pearl-white-shadow: 1px 1px 3px #F8F6F0; 
--red-white-shadow: 1px 1px 3px #F3E8EA; 
--lavenderblush-(w3c)-shadow: 1px 1px 3px #FFF0F5; 
--pearl-shadow: 1px 1px 3px #FDEEF4; 
--egg-shell-shadow: 1px 1px 3px #FFF9E3; 
--oldlace-(w3c)-shadow: 1px 1px 3px #FEF0E3; 
--linen-(w3c)-shadow: 1px 1px 3px #FAF0E6; 
--seashell-(w3c)-shadow: 1px 1px 3px #FFF5EE; 
--bone-white-shadow: 1px 1px 3px #F9F6EE; 
--rice-shadow: 1px 1px 3px #FAF5EF; 
--floralwhite-(w3c)-shadow: 1px 1px 3px #FFFAF0; 
--ivory-(w3c)-shadow: 1px 1px 3px #FFFFF0; 
--white-gold-shadow: 1px 1px 3px #FFFFF4; 
--light-white-shadow: 1px 1px 3px #FFFFF7; 
--whitesmoke-(w3c)-shadow: 1px 1px 3px #F5F5F5; 
--cotton-shadow: 1px 1px 3px #FBFBF9; 
--snow-(w3c)-shadow: 1px 1px 3px #FFFAFA; 
--milk-white-shadow: 1px 1px 3px #FEFCFF; 
--half-white-shadow: 1px 1px 3px #FFFEFA; 
--white-(w3c)-shadow: 1px 1px 3px #FFFFFF; 
