--black-shadow: 1px 1px 2px rgb(#000000); 
--night-shadow: 1px 1px 2px rgb(#0C090A); 
--charcoal-shadow: 1px 1px 2px rgb(#34282C); 
--oil-shadow: 1px 1px 2px rgb(#3B3131); 
--dark-gray-shadow: 1px 1px 2px rgb(#3A3B3C); 
--light-black-shadow: 1px 1px 2px rgb(#454545); 
--black-cat-shadow: 1px 1px 2px rgb(#413839); 
--iridium-shadow: 1px 1px 2px rgb(#3D3C3A); 
--black-eel-shadow: 1px 1px 2px rgb(#463E3F); 
--black-cow-shadow: 1px 1px 2px rgb(#4C4646); 
--gray-wolf-shadow: 1px 1px 2px rgb(#504A4B); 
--vampire-gray-shadow: 1px 1px 2px rgb(#565051); 
--iron-gray-shadow: 1px 1px 2px rgb(#52595D); 
--gray-dolphin-shadow: 1px 1px 2px rgb(#5C5858); 
--carbon-gray-shadow: 1px 1px 2px rgb(#625D5D); 
--ash-gray-shadow: 1px 1px 2px rgb(#666362); 
--dimgray-or-dimgrey-shadow: 1px 1px 2px rgb(#696969); 
--nardo-gray-shadow: 1px 1px 2px rgb(#686A6C); 
--cloudy-gray-shadow: 1px 1px 2px rgb(#6D6968); 
--smokey-gray-shadow: 1px 1px 2px rgb(#726E6D); 
--alien-gray-shadow: 1px 1px 2px rgb(#736F6E); 
--sonic-silver-shadow: 1px 1px 2px rgb(#757575); 
--platinum-gray-shadow: 1px 1px 2px rgb(#797979); 
--granite-shadow: 1px 1px 2px rgb(#837E7C); 
--gray-or-grey-shadow: 1px 1px 2px rgb(#808080); 
--battleship-gray-shadow: 1px 1px 2px rgb(#848482); 
--gunmetal-gray-shadow: 1px 1px 2px rgb(#8D918D); 
--darkgray-or-darkgrey-shadow: 1px 1px 2px rgb(#A9A9A9); 
--gray-cloud-shadow: 1px 1px 2px rgb(#B6B6B4); 
--silver-shadow: 1px 1px 2px rgb(#C0C0C0); 
--pale-silver-shadow: 1px 1px 2px rgb(#C9C0BB); 
--gray-goose-shadow: 1px 1px 2px rgb(#D1D0CE); 
--platinum-silver-shadow: 1px 1px 2px rgb(#CECECE); 
--lightgray-or-lightgrey-shadow: 1px 1px 2px rgb(#D3D3D3); 
--silver-white-shadow: 1px 1px 2px rgb(#DADBDD); 
--gainsboro-shadow: 1px 1px 2px rgb(#DCDCDC); 
--platinum-shadow: 1px 1px 2px rgb(#E5E4E2); 
--metallic-silver-shadow: 1px 1px 2px rgb(#BCC6CC); 
--blue-gray-shadow: 1px 1px 2px rgb(#98AFC7); 
--roman-silver-shadow: 1px 1px 2px rgb(#838996); 
--lightslategray-or-lightslategrey-shadow: 1px 1px 2px rgb(#778899); 
--slategray-or-slategrey-shadow: 1px 1px 2px rgb(#708090); 
--rat-gray-shadow: 1px 1px 2px rgb(#6D7B8D); 
--slate-granite-gray-shadow: 1px 1px 2px rgb(#657383); 
--jet-gray-shadow: 1px 1px 2px rgb(#616D7E); 
--mist-blue-shadow: 1px 1px 2px rgb(#646D7E); 
--marble-blue-shadow: 1px 1px 2px rgb(#566D7E); 
--slate-blue-grey-shadow: 1px 1px 2px rgb(#737CA1); 
--light-purple-blue-shadow: 1px 1px 2px rgb(#728FCE); 
--azure-blue-shadow: 1px 1px 2px rgb(#4863A0); 
--blue-jay-shadow: 1px 1px 2px rgb(#2B547E); 
--charcoal-blue-shadow: 1px 1px 2px rgb(#36454F); 
--dark-blue-grey-shadow: 1px 1px 2px rgb(#29465B); 
--dark-slate-shadow: 1px 1px 2px rgb(#2B3856); 
--deep-sea-blue-shadow: 1px 1px 2px rgb(#123456); 
--night-blue-shadow: 1px 1px 2px rgb(#151B54); 
--midnightblue-shadow: 1px 1px 2px rgb(#191970); 
--navy-shadow: 1px 1px 2px rgb(#000080); 
--denim-dark-blue-shadow: 1px 1px 2px rgb(#151B8D); 
--darkblue-shadow: 1px 1px 2px rgb(#00008B); 
--lapis-blue-shadow: 1px 1px 2px rgb(#15317E); 
--new-midnight-blue-shadow: 1px 1px 2px rgb(#0000A0); 
--earth-blue-shadow: 1px 1px 2px rgb(#0000A5); 
--cobalt-blue-shadow: 1px 1px 2px rgb(#0020C2); 
--mediumblue-shadow: 1px 1px 2px rgb(#0000CD); 
--blueberry-blue-shadow: 1px 1px 2px rgb(#0041C2); 
--canary-blue-shadow: 1px 1px 2px rgb(#2916F5); 
--blue-shadow: 1px 1px 2px rgb(#0000FF); 
--samco-blue-shadow: 1px 1px 2px rgb(#0002FF); 
--bright-blue-shadow: 1px 1px 2px rgb(#0909FF); 
--blue-orchid-shadow: 1px 1px 2px rgb(#1F45FC); 
--sapphire-blue-shadow: 1px 1px 2px rgb(#2554C7); 
--blue-eyes-shadow: 1px 1px 2px rgb(#1569C7); 
--bright-navy-blue-shadow: 1px 1px 2px rgb(#1974D2); 
--balloon-blue-shadow: 1px 1px 2px rgb(#2B60DE); 
--royalblue-shadow: 1px 1px 2px rgb(#4169E1); 
--ocean-blue-shadow: 1px 1px 2px rgb(#2B65EC); 
--blue-ribbon-shadow: 1px 1px 2px rgb(#306EFF); 
--blue-dress-shadow: 1px 1px 2px rgb(#157DEC); 
--neon-blue-shadow: 1px 1px 2px rgb(#1589FF); 
--dodgerblue-shadow: 1px 1px 2px rgb(#1E90FF); 
--glacial-blue-ice-shadow: 1px 1px 2px rgb(#368BC1); 
--steelblue-shadow: 1px 1px 2px rgb(#4682B4); 
--silk-blue-shadow: 1px 1px 2px rgb(#488AC7); 
--windows-blue-shadow: 1px 1px 2px rgb(#357EC7); 
--blue-ivy-shadow: 1px 1px 2px rgb(#3090C7); 
--blue-koi-shadow: 1px 1px 2px rgb(#659EC7); 
--columbia-blue-shadow: 1px 1px 2px rgb(#87AFC7); 
--baby-blue-shadow: 1px 1px 2px rgb(#95B9C7); 
--cornflowerblue-shadow: 1px 1px 2px rgb(#6495ED); 
--sky-blue-dress-shadow: 1px 1px 2px rgb(#6698FF); 
--iceberg-shadow: 1px 1px 2px rgb(#56A5EC); 
--butterfly-blue-shadow: 1px 1px 2px rgb(#38ACEC); 
--deepskyblue-shadow: 1px 1px 2px rgb(#00BFFF); 
--midday-blue-shadow: 1px 1px 2px rgb(#3BB9FF); 
--crystal-blue-shadow: 1px 1px 2px rgb(#5CB3FF); 
--denim-blue-shadow: 1px 1px 2px rgb(#79BAEC); 
--day-sky-blue-shadow: 1px 1px 2px rgb(#82CAFF); 
--lightskyblue-shadow: 1px 1px 2px rgb(#87CEFA); 
--skyblue-shadow: 1px 1px 2px rgb(#87CEEB); 
--jeans-blue-shadow: 1px 1px 2px rgb(#A0CFEC); 
--blue-angel-shadow: 1px 1px 2px rgb(#B7CEEC); 
--pastel-blue-shadow: 1px 1px 2px rgb(#B4CFEC); 
--light-day-blue-shadow: 1px 1px 2px rgb(#ADDFFF); 
--sea-blue-shadow: 1px 1px 2px rgb(#C2DFFF); 
--heavenly-blue-shadow: 1px 1px 2px rgb(#C6DEFF); 
--robin-egg-blue-shadow: 1px 1px 2px rgb(#BDEDFF); 
--powderblue-shadow: 1px 1px 2px rgb(#B0E0E6); 
--coral-blue-shadow: 1px 1px 2px rgb(#AFDCEC); 
--lightblue-shadow: 1px 1px 2px rgb(#ADD8E6); 
--lightsteelblue-shadow: 1px 1px 2px rgb(#B0CFDE); 
--gulf-blue-shadow: 1px 1px 2px rgb(#C9DFEC); 
--pastel-light-blue-shadow: 1px 1px 2px rgb(#D5D6EA); 
--lavender-blue-shadow: 1px 1px 2px rgb(#E3E4FA); 
--white-blue-shadow: 1px 1px 2px rgb(#DBE9FA); 
--lavender-shadow: 1px 1px 2px rgb(#E6E6FA); 
--water-shadow: 1px 1px 2px rgb(#EBF4FA); 
--aliceblue-shadow: 1px 1px 2px rgb(#F0F8FF); 
--ghostwhite-shadow: 1px 1px 2px rgb(#F8F8FF); 
--azure-shadow: 1px 1px 2px rgb(#F0FFFF); 
--lightcyan-shadow: 1px 1px 2px rgb(#E0FFFF); 
--light-slate-shadow: 1px 1px 2px rgb(#CCFFFF); 
--electric-blue-shadow: 1px 1px 2px rgb(#9AFEFF); 
--tron-blue-shadow: 1px 1px 2px rgb(#7DFDFE); 
--blue-zircon-shadow: 1px 1px 2px rgb(#57FEFF); 
--aqua-or-cyan-shadow: 1px 1px 2px rgb(#00FFFF); 
--bright-cyan-shadow: 1px 1px 2px rgb(#0AFFFF); 
--celeste-shadow: 1px 1px 2px rgb(#50EBEC); 
--blue-diamond-shadow: 1px 1px 2px rgb(#4EE2EC); 
--bright-turquoise-shadow: 1px 1px 2px rgb(#16E2F5); 
--blue-lagoon-shadow: 1px 1px 2px rgb(#8EEBEC); 
--paleturquoise-shadow: 1px 1px 2px rgb(#AFEEEE); 
--pale-blue-lily-shadow: 1px 1px 2px rgb(#CFECEC); 
--light-teal-shadow: 1px 1px 2px rgb(#B3D9D9); 
--tiffany-blue-shadow: 1px 1px 2px rgb(#81D8D0); 
--blue-hosta-shadow: 1px 1px 2px rgb(#77BFC7); 
--cyan-opaque-shadow: 1px 1px 2px rgb(#92C7C7); 
--northern-lights-blue-shadow: 1px 1px 2px rgb(#78C7C7); 
--blue-green-shadow: 1px 1px 2px rgb(#7BCCB5); 
--mediumaquamarine-shadow: 1px 1px 2px rgb(#66CDAA); 
--magic-mint-shadow: 1px 1px 2px rgb(#AAF0D1); 
--light-aquamarine-shadow: 1px 1px 2px rgb(#93FFE8); 
--aquamarine-shadow: 1px 1px 2px rgb(#7FFFD4); 
--bright-teal-shadow: 1px 1px 2px rgb(#01F9C6); 
--turquoise-shadow: 1px 1px 2px rgb(#40E0D0); 
--mediumturquoise-shadow: 1px 1px 2px rgb(#48D1CC); 
--deep-turquoise-shadow: 1px 1px 2px rgb(#48CCCD); 
--jellyfish-shadow: 1px 1px 2px rgb(#46C7C7); 
--blue-turquoise-shadow: 1px 1px 2px rgb(#43C6DB); 
--darkturquoise-shadow: 1px 1px 2px rgb(#00CED1); 
--macaw-blue-green-shadow: 1px 1px 2px rgb(#43BFC7); 
--lightseagreen-shadow: 1px 1px 2px rgb(#20B2AA); 
--seafoam-green-shadow: 1px 1px 2px rgb(#3EA99F); 
--cadetblue-shadow: 1px 1px 2px rgb(#5F9EA0); 
--deep-sea-shadow: 1px 1px 2px rgb(#3B9C9C); 
--darkcyan-shadow: 1px 1px 2px rgb(#008B8B); 
--teal-green-shadow: 1px 1px 2px rgb(#00827F); 
--teal-shadow: 1px 1px 2px rgb(#008080); 
--teal-blue-shadow: 1px 1px 2px rgb(#007C80); 
--medium-teal-shadow: 1px 1px 2px rgb(#045F5F); 
--dark-teal-shadow: 1px 1px 2px rgb(#045D5D); 
--deep-teal-shadow: 1px 1px 2px rgb(#033E3E); 
--darkslategray-or-darkslategrey-shadow: 1px 1px 2px rgb(#25383C); 
--gunmetal-shadow: 1px 1px 2px rgb(#2C3539); 
--blue-moss-green-shadow: 1px 1px 2px rgb(#3C565B); 
--beetle-green-shadow: 1px 1px 2px rgb(#4C787E); 
--grayish-turquoise-shadow: 1px 1px 2px rgb(#5E7D7E); 
--greenish-blue-shadow: 1px 1px 2px rgb(#307D7E); 
--aquamarine-stone-shadow: 1px 1px 2px rgb(#348781); 
--sea-turtle-green-shadow: 1px 1px 2px rgb(#438D80); 
--dull-sea-green-shadow: 1px 1px 2px rgb(#4E8975); 
--dark-green-blue-shadow: 1px 1px 2px rgb(#1F6357); 
--deep-sea-green-shadow: 1px 1px 2px rgb(#306754); 
--bottle-green-shadow: 1px 1px 2px rgb(#006A4E); 
--seagreen-shadow: 1px 1px 2px rgb(#2E8B57); 
--elf-green-shadow: 1px 1px 2px rgb(#1B8A6B); 
--dark-mint-shadow: 1px 1px 2px rgb(#31906E); 
--jade-shadow: 1px 1px 2px rgb(#00A36C); 
--earth-green-shadow: 1px 1px 2px rgb(#34A56F); 
--chrome-green-shadow: 1px 1px 2px rgb(#1AA260); 
--emerald-shadow: 1px 1px 2px rgb(#50C878); 
--mint-shadow: 1px 1px 2px rgb(#3EB489); 
--mediumseagreen-shadow: 1px 1px 2px rgb(#3CB371); 
--metallic-green-shadow: 1px 1px 2px rgb(#7C9D8E); 
--camouflage-green-shadow: 1px 1px 2px rgb(#78866B); 
--sage-green-shadow: 1px 1px 2px rgb(#848B79); 
--hazel-green-shadow: 1px 1px 2px rgb(#617C58); 
--venom-green-shadow: 1px 1px 2px rgb(#728C00); 
--olivedrab-shadow: 1px 1px 2px rgb(#6B8E23); 
--olive-shadow: 1px 1px 2px rgb(#808000); 
--darkolivegreen-shadow: 1px 1px 2px rgb(#556B2F); 
--military-green-shadow: 1px 1px 2px rgb(#4E5B31); 
--green-leaves-shadow: 1px 1px 2px rgb(#3A5F0B); 
--army-green-shadow: 1px 1px 2px rgb(#4B5320); 
--fern-green-shadow: 1px 1px 2px rgb(#667C26); 
--fall-forest-green-shadow: 1px 1px 2px rgb(#4E9258); 
--irish-green-shadow: 1px 1px 2px rgb(#08A04B); 
--pine-green-shadow: 1px 1px 2px rgb(#387C44); 
--medium-forest-green-shadow: 1px 1px 2px rgb(#347235); 
--jungle-green-shadow: 1px 1px 2px rgb(#347C2C); 
--cactus-green-shadow: 1px 1px 2px rgb(#227442); 
--forestgreen-shadow: 1px 1px 2px rgb(#228B22); 
--green-shadow: 1px 1px 2px rgb(#008000); 
--darkgreen-shadow: 1px 1px 2px rgb(#006400); 
--deep-green-shadow: 1px 1px 2px rgb(#056608); 
--deep-emerald-green-shadow: 1px 1px 2px rgb(#046307); 
--hunter-green-shadow: 1px 1px 2px rgb(#355E3B); 
--dark-forest-green-shadow: 1px 1px 2px rgb(#254117); 
--lotus-green-shadow: 1px 1px 2px rgb(#004225); 
--seaweed-green-shadow: 1px 1px 2px rgb(#437C17); 
--shamrock-green-shadow: 1px 1px 2px rgb(#347C17); 
--green-onion-shadow: 1px 1px 2px rgb(#6AA121); 
--moss-green-shadow: 1px 1px 2px rgb(#8A9A5B); 
--grass-green-shadow: 1px 1px 2px rgb(#3F9B0B); 
--green-pepper-shadow: 1px 1px 2px rgb(#4AA02C); 
--dark-lime-green-shadow: 1px 1px 2px rgb(#41A317); 
--parrot-green-shadow: 1px 1px 2px rgb(#12AD2B); 
--clover-green-shadow: 1px 1px 2px rgb(#3EA055); 
--dinosaur-green-shadow: 1px 1px 2px rgb(#73A16C); 
--green-snake-shadow: 1px 1px 2px rgb(#6CBB3C); 
--alien-green-shadow: 1px 1px 2px rgb(#6CC417); 
--green-apple-shadow: 1px 1px 2px rgb(#4CC417); 
--limegreen-shadow: 1px 1px 2px rgb(#32CD32); 
--pea-green-shadow: 1px 1px 2px rgb(#52D017); 
--kelly-green-shadow: 1px 1px 2px rgb(#4CC552); 
--zombie-green-shadow: 1px 1px 2px rgb(#54C571); 
--green-peas-shadow: 1px 1px 2px rgb(#89C35C); 
--dollar-bill-green-shadow: 1px 1px 2px rgb(#85BB65); 
--frog-green-shadow: 1px 1px 2px rgb(#99C68E); 
--turquoise-green-shadow: 1px 1px 2px rgb(#A0D6B4); 
--darkseagreen-shadow: 1px 1px 2px rgb(#8FBC8F); 
--basil-green-shadow: 1px 1px 2px rgb(#829F82); 
--gray-green-shadow: 1px 1px 2px rgb(#A2AD9C); 
--iguana-green-shadow: 1px 1px 2px rgb(#9CB071); 
--citron-green-shadow: 1px 1px 2px rgb(#8FB31D); 
--acid-green-shadow: 1px 1px 2px rgb(#B0BF1A); 
--avocado-green-shadow: 1px 1px 2px rgb(#B2C248); 
--pistachio-green-shadow: 1px 1px 2px rgb(#9DC209); 
--salad-green-shadow: 1px 1px 2px rgb(#A1C935); 
--yellowgreen-shadow: 1px 1px 2px rgb(#9ACD32); 
--pastel-green-shadow: 1px 1px 2px rgb(#77DD77); 
--hummingbird-green-shadow: 1px 1px 2px rgb(#7FE817); 
--nebula-green-shadow: 1px 1px 2px rgb(#59E817); 
--stoplight-go-green-shadow: 1px 1px 2px rgb(#57E964); 
--neon-green-shadow: 1px 1px 2px rgb(#16F529); 
--jade-green-shadow: 1px 1px 2px rgb(#5EFB6E); 
--lime-mint-green-shadow: 1px 1px 2px rgb(#36F57F); 
--springgreen-shadow: 1px 1px 2px rgb(#00FF7F); 
--mediumspringgreen-shadow: 1px 1px 2px rgb(#00FA9A); 
--emerald-green-shadow: 1px 1px 2px rgb(#5FFB17); 
--lime-shadow: 1px 1px 2px rgb(#00FF00); 
--lawngreen-shadow: 1px 1px 2px rgb(#7CFC00); 
--bright-green-shadow: 1px 1px 2px rgb(#66FF00); 
--chartreuse-shadow: 1px 1px 2px rgb(#7FFF00); 
--yellow-lawn-green-shadow: 1px 1px 2px rgb(#87F717); 
--aloe-vera-green-shadow: 1px 1px 2px rgb(#98F516); 
--dull-green-yellow-shadow: 1px 1px 2px rgb(#B1FB17); 
--lemon-green-shadow: 1px 1px 2px rgb(#ADF802); 
--greenyellow-shadow: 1px 1px 2px rgb(#ADFF2F); 
--chameleon-green-shadow: 1px 1px 2px rgb(#BDF516); 
--neon-yellow-green-shadow: 1px 1px 2px rgb(#DAEE01); 
--yellow-green-grosbeak-shadow: 1px 1px 2px rgb(#E2F516); 
--tea-green-shadow: 1px 1px 2px rgb(#CCFB5D); 
--slime-green-shadow: 1px 1px 2px rgb(#BCE954); 
--algae-green-shadow: 1px 1px 2px rgb(#64E986); 
--lightgreen-shadow: 1px 1px 2px rgb(#90EE90); 
--dragon-green-shadow: 1px 1px 2px rgb(#6AFB92); 
--palegreen-shadow: 1px 1px 2px rgb(#98FB98); 
--mint-green-shadow: 1px 1px 2px rgb(#98FF98); 
--green-thumb-shadow: 1px 1px 2px rgb(#B5EAAA); 
--organic-brown-shadow: 1px 1px 2px rgb(#E3F9A6); 
--light-jade-shadow: 1px 1px 2px rgb(#C3FDB8); 
--light-mint-green-shadow: 1px 1px 2px rgb(#C2E5D3); 
--light-rose-green-shadow: 1px 1px 2px rgb(#DBF9DB); 
--chrome-white-shadow: 1px 1px 2px rgb(#E8F1D4); 
--honeydew-shadow: 1px 1px 2px rgb(#F0FFF0); 
--mintcream-shadow: 1px 1px 2px rgb(#F5FFFA); 
--lemonchiffon-shadow: 1px 1px 2px rgb(#FFFACD); 
--parchment-shadow: 1px 1px 2px rgb(#FFFFC2); 
--cream-shadow: 1px 1px 2px rgb(#FFFFCC); 
--cream-white-shadow: 1px 1px 2px rgb(#FFFDD0); 
--lightgoldenrodyellow-shadow: 1px 1px 2px rgb(#FAFAD2); 
--lightyellow-shadow: 1px 1px 2px rgb(#FFFFE0); 
--beige-shadow: 1px 1px 2px rgb(#F5F5DC); 
--cornsilk-shadow: 1px 1px 2px rgb(#FFF8DC); 
--blonde-shadow: 1px 1px 2px rgb(#FBF6D9); 
--champagne-shadow: 1px 1px 2px rgb(#F7E7CE); 
--antiquewhite-shadow: 1px 1px 2px rgb(#FAEBD7); 
--papayawhip-shadow: 1px 1px 2px rgb(#FFEFD5); 
--blanchedalmond-shadow: 1px 1px 2px rgb(#FFEBCD); 
--bisque-shadow: 1px 1px 2px rgb(#FFE4C4); 
--wheat-shadow: 1px 1px 2px rgb(#F5DEB3); 
--moccasin-shadow: 1px 1px 2px rgb(#FFE4B5); 
--peach-shadow: 1px 1px 2px rgb(#FFE5B4); 
--light-orange-shadow: 1px 1px 2px rgb(#FED8B1); 
--peachpuff-shadow: 1px 1px 2px rgb(#FFDAB9); 
--coral-peach-shadow: 1px 1px 2px rgb(#FBD5AB); 
--navajowhite-shadow: 1px 1px 2px rgb(#FFDEAD); 
--golden-blonde-shadow: 1px 1px 2px rgb(#FBE7A1); 
--golden-silk-shadow: 1px 1px 2px rgb(#F3E3C3); 
--dark-blonde-shadow: 1px 1px 2px rgb(#F0E2B6); 
--light-gold-shadow: 1px 1px 2px rgb(#F1E5AC); 
--vanilla-shadow: 1px 1px 2px rgb(#F3E5AB); 
--tan-brown-shadow: 1px 1px 2px rgb(#ECE5B6); 
--dirty-white-shadow: 1px 1px 2px rgb(#E8E4C9); 
--palegoldenrod-shadow: 1px 1px 2px rgb(#EEE8AA); 
--khaki-shadow: 1px 1px 2px rgb(#F0E68C); 
--cardboard-brown-shadow: 1px 1px 2px rgb(#EDDA74); 
--harvest-gold-shadow: 1px 1px 2px rgb(#EDE275); 
--sun-yellow-shadow: 1px 1px 2px rgb(#FFE87C); 
--corn-yellow-shadow: 1px 1px 2px rgb(#FFF380); 
--pastel-yellow-shadow: 1px 1px 2px rgb(#FAF884); 
--neon-yellow-shadow: 1px 1px 2px rgb(#FFFF33); 
--yellow-shadow: 1px 1px 2px rgb(#FFFF00); 
--canary-yellow-shadow: 1px 1px 2px rgb(#FFEF00); 
--banana-yellow-shadow: 1px 1px 2px rgb(#F5E216); 
--mustard-yellow-shadow: 1px 1px 2px rgb(#FFDB58); 
--golden-yellow-shadow: 1px 1px 2px rgb(#FFDF00); 
--bold-yellow-shadow: 1px 1px 2px rgb(#F9DB24); 
--rubber-ducky-yellow-shadow: 1px 1px 2px rgb(#FFD801); 
--gold-shadow: 1px 1px 2px rgb(#FFD700); 
--bright-gold-shadow: 1px 1px 2px rgb(#FDD017); 
--chrome-gold-shadow: 1px 1px 2px rgb(#FFCE44); 
--golden-brown-shadow: 1px 1px 2px rgb(#EAC117); 
--deep-yellow-shadow: 1px 1px 2px rgb(#F6BE00); 
--macaroni-and-cheese-shadow: 1px 1px 2px rgb(#F2BB66); 
--saffron-shadow: 1px 1px 2px rgb(#FBB917); 
--neon-gold-shadow: 1px 1px 2px rgb(#FDBD01); 
--beer-shadow: 1px 1px 2px rgb(#FBB117); 
--yellow-orange-or-orange-yellow-shadow: 1px 1px 2px rgb(#FFAE42); 
--cantaloupe-shadow: 1px 1px 2px rgb(#FFA62F); 
--cheese-orange-shadow: 1px 1px 2px rgb(#FFA600); 
--orange-shadow: 1px 1px 2px rgb(#FFA500); 
--brown-sand-shadow: 1px 1px 2px rgb(#EE9A4D); 
--sandybrown-shadow: 1px 1px 2px rgb(#F4A460); 
--brown-sugar-shadow: 1px 1px 2px rgb(#E2A76F); 
--camel-brown-shadow: 1px 1px 2px rgb(#C19A6B); 
--deer-brown-shadow: 1px 1px 2px rgb(#E6BF83); 
--burlywood-shadow: 1px 1px 2px rgb(#DEB887); 
--tan-shadow: 1px 1px 2px rgb(#D2B48C); 
--light-french-beige-shadow: 1px 1px 2px rgb(#C8AD7F); 
--sand-shadow: 1px 1px 2px rgb(#C2B280); 
--sage-shadow: 1px 1px 2px rgb(#BCB88A); 
--fall-leaf-brown-shadow: 1px 1px 2px rgb(#C8B560); 
--ginger-brown-shadow: 1px 1px 2px rgb(#C9BE62); 
--bronze-gold-shadow: 1px 1px 2px rgb(#C9AE5D); 
--darkkhaki-shadow: 1px 1px 2px rgb(#BDB76B); 
--olive-green-shadow: 1px 1px 2px rgb(#BAB86C); 
--brass-shadow: 1px 1px 2px rgb(#B5A642); 
--cookie-brown-shadow: 1px 1px 2px rgb(#C7A317); 
--metallic-gold-shadow: 1px 1px 2px rgb(#D4AF37); 
--bee-yellow-shadow: 1px 1px 2px rgb(#E9AB17); 
--school-bus-yellow-shadow: 1px 1px 2px rgb(#E8A317); 
--goldenrod-shadow: 1px 1px 2px rgb(#DAA520); 
--orange-gold-shadow: 1px 1px 2px rgb(#D4A017); 
--caramel-shadow: 1px 1px 2px rgb(#C68E17); 
--darkgoldenrod-shadow: 1px 1px 2px rgb(#B8860B); 
--cinnamon-shadow: 1px 1px 2px rgb(#C58917); 
--peru-shadow: 1px 1px 2px rgb(#CD853F); 
--bronze-shadow: 1px 1px 2px rgb(#CD7F32); 
--tiger-orange-shadow: 1px 1px 2px rgb(#C88141); 
--copper-shadow: 1px 1px 2px rgb(#B87333); 
--dark-gold-shadow: 1px 1px 2px rgb(#AA6C39); 
--metallic-bronze-shadow: 1px 1px 2px rgb(#A97142); 
--dark-almond-shadow: 1px 1px 2px rgb(#AB784E); 
--wood-shadow: 1px 1px 2px rgb(#966F33); 
--oak-brown-shadow: 1px 1px 2px rgb(#806517); 
--antique-bronze-shadow: 1px 1px 2px rgb(#665D1E); 
--hazel-shadow: 1px 1px 2px rgb(#8E7618); 
--dark-yellow-shadow: 1px 1px 2px rgb(#8B8000); 
--dark-moccasin-shadow: 1px 1px 2px rgb(#827839); 
--khaki-green-shadow: 1px 1px 2px rgb(#8A865D); 
--millennium-jade-shadow: 1px 1px 2px rgb(#93917C); 
--dark-beige-shadow: 1px 1px 2px rgb(#9F8C76); 
--bullet-shell-shadow: 1px 1px 2px rgb(#AF9B60); 
--army-brown-shadow: 1px 1px 2px rgb(#827B60); 
--sandstone-shadow: 1px 1px 2px rgb(#786D5F); 
--taupe-shadow: 1px 1px 2px rgb(#483C32); 
--mocha-shadow: 1px 1px 2px rgb(#493D26); 
--milk-chocolate-shadow: 1px 1px 2px rgb(#513B1C); 
--gray-brown-shadow: 1px 1px 2px rgb(#3D3635); 
--dark-coffee-shadow: 1px 1px 2px rgb(#3B2F2F); 
--old-burgundy-shadow: 1px 1px 2px rgb(#43302E); 
--western-charcoal-shadow: 1px 1px 2px rgb(#49413F); 
--bakers-brown-shadow: 1px 1px 2px rgb(#5C3317); 
--dark-brown-shadow: 1px 1px 2px rgb(#654321); 
--sepia-brown-shadow: 1px 1px 2px rgb(#704214); 
--dark-bronze-shadow: 1px 1px 2px rgb(#804A00); 
--coffee-shadow: 1px 1px 2px rgb(#6F4E37); 
--brown-bear-shadow: 1px 1px 2px rgb(#835C3B); 
--red-dirt-shadow: 1px 1px 2px rgb(#7F5217); 
--sepia-shadow: 1px 1px 2px rgb(#7F462C); 
--sienna-shadow: 1px 1px 2px rgb(#A0522D); 
--saddlebrown-shadow: 1px 1px 2px rgb(#8B4513); 
--dark-sienna-shadow: 1px 1px 2px rgb(#8A4117); 
--sangria-shadow: 1px 1px 2px rgb(#7E3817); 
--blood-red-shadow: 1px 1px 2px rgb(#7E3517); 
--chestnut-shadow: 1px 1px 2px rgb(#954535); 
--coral-brown-shadow: 1px 1px 2px rgb(#9E4638); 
--chestnut-red-shadow: 1px 1px 2px rgb(#C34A2C); 
--mahogany-shadow: 1px 1px 2px rgb(#C04000); 
--red-gold-shadow: 1px 1px 2px rgb(#EB5406); 
--red-fox-shadow: 1px 1px 2px rgb(#C35817); 
--dark-bisque-shadow: 1px 1px 2px rgb(#B86500); 
--light-brown-shadow: 1px 1px 2px rgb(#B5651D); 
--petra-gold-shadow: 1px 1px 2px rgb(#B76734); 
--rust-shadow: 1px 1px 2px rgb(#C36241); 
--copper-red-shadow: 1px 1px 2px rgb(#CB6D51); 
--orange-salmon-shadow: 1px 1px 2px rgb(#C47451); 
--chocolate-shadow: 1px 1px 2px rgb(#D2691E); 
--sedona-shadow: 1px 1px 2px rgb(#CC6600); 
--papaya-orange-shadow: 1px 1px 2px rgb(#E56717); 
--halloween-orange-shadow: 1px 1px 2px rgb(#E66C2C); 
--neon-orange-shadow: 1px 1px 2px rgb(#FF6700); 
--bright-orange-shadow: 1px 1px 2px rgb(#FF5F1F); 
--pumpkin-orange-shadow: 1px 1px 2px rgb(#F87217); 
--carrot-orange-shadow: 1px 1px 2px rgb(#F88017); 
--darkorange-shadow: 1px 1px 2px rgb(#FF8C00); 
--construction-cone-orange-shadow: 1px 1px 2px rgb(#F87431); 
--indian-saffron-shadow: 1px 1px 2px rgb(#FF7722); 
--sunrise-orange-shadow: 1px 1px 2px rgb(#E67451); 
--mango-orange-shadow: 1px 1px 2px rgb(#FF8040); 
--coral-shadow: 1px 1px 2px rgb(#FF7F50); 
--basket-ball-orange-shadow: 1px 1px 2px rgb(#F88158); 
--light-salmon-rose-shadow: 1px 1px 2px rgb(#F9966B); 
--lightsalmon-shadow: 1px 1px 2px rgb(#FFA07A); 
--darksalmon-shadow: 1px 1px 2px rgb(#E9967A); 
--tangerine-shadow: 1px 1px 2px rgb(#E78A61); 
--light-copper-shadow: 1px 1px 2px rgb(#DA8A67); 
--salmon-pink-shadow: 1px 1px 2px rgb(#FF8674); 
--salmon-shadow: 1px 1px 2px rgb(#FA8072); 
--peach-pink-shadow: 1px 1px 2px rgb(#F98B88); 
--lightcoral-shadow: 1px 1px 2px rgb(#F08080); 
--pastel-red-shadow: 1px 1px 2px rgb(#F67280); 
--pink-coral-shadow: 1px 1px 2px rgb(#E77471); 
--bean-red-shadow: 1px 1px 2px rgb(#F75D59); 
--valentine-red-shadow: 1px 1px 2px rgb(#E55451); 
--indianred-shadow: 1px 1px 2px rgb(#CD5C5C); 
--tomato-shadow: 1px 1px 2px rgb(#FF6347); 
--shocking-orange-shadow: 1px 1px 2px rgb(#E55B3C); 
--orangered-shadow: 1px 1px 2px rgb(#FF4500); 
--red-shadow: 1px 1px 2px rgb(#FF0000); 
--neon-red-shadow: 1px 1px 2px rgb(#FD1C03); 
--scarlet-red-shadow: 1px 1px 2px rgb(#FF2400); 
--ruby-red-shadow: 1px 1px 2px rgb(#F62217); 
--ferrari-red-shadow: 1px 1px 2px rgb(#F70D1A); 
--fire-engine-red-shadow: 1px 1px 2px rgb(#F62817); 
--lava-red-shadow: 1px 1px 2px rgb(#E42217); 
--love-red-shadow: 1px 1px 2px rgb(#E41B17); 
--grapefruit-shadow: 1px 1px 2px rgb(#DC381F); 
--cherry-red-shadow: 1px 1px 2px rgb(#C24641); 
--chilli-pepper-shadow: 1px 1px 2px rgb(#C11B17); 
--firebrick-shadow: 1px 1px 2px rgb(#B22222); 
--tomato-sauce-red-shadow: 1px 1px 2px rgb(#B21807); 
--brown-shadow: 1px 1px 2px rgb(#A52A2A); 
--carbon-red-shadow: 1px 1px 2px rgb(#A70D2A); 
--cranberry-shadow: 1px 1px 2px rgb(#9F000F); 
--saffron-red-shadow: 1px 1px 2px rgb(#931314); 
--crimson-red-shadow: 1px 1px 2px rgb(#990000); 
--red-wine-or-wine-red-shadow: 1px 1px 2px rgb(#990012); 
--darkred-shadow: 1px 1px 2px rgb(#8B0000); 
--maroon-shadow: 1px 1px 2px rgb(#800000); 
--burgundy-shadow: 1px 1px 2px rgb(#8C001A); 
--vermilion-shadow: 1px 1px 2px rgb(#7E191B); 
--deep-red-shadow: 1px 1px 2px rgb(#800517); 
--red-blood-shadow: 1px 1px 2px rgb(#660000); 
--blood-night-shadow: 1px 1px 2px rgb(#551606); 
--dark-scarlet-shadow: 1px 1px 2px rgb(#560319); 
--black-bean-shadow: 1px 1px 2px rgb(#3D0C02); 
--chocolate-brown-shadow: 1px 1px 2px rgb(#3F000F); 
--midnight-shadow: 1px 1px 2px rgb(#2B1B17); 
--purple-lily-shadow: 1px 1px 2px rgb(#550A35); 
--purple-maroon-shadow: 1px 1px 2px rgb(#810541); 
--plum-pie-shadow: 1px 1px 2px rgb(#7D0541); 
--plum-velvet-shadow: 1px 1px 2px rgb(#7D0552); 
--dark-raspberry-shadow: 1px 1px 2px rgb(#872657); 
--velvet-maroon-shadow: 1px 1px 2px rgb(#7E354D); 
--rosy-finch-shadow: 1px 1px 2px rgb(#7F4E52); 
--dull-purple-shadow: 1px 1px 2px rgb(#7F525D); 
--puce-shadow: 1px 1px 2px rgb(#7F5A58); 
--rose-dust-shadow: 1px 1px 2px rgb(#997070); 
--pastel-brown-shadow: 1px 1px 2px rgb(#B1907F); 
--rosy-pink-shadow: 1px 1px 2px rgb(#B38481); 
--rosybrown-shadow: 1px 1px 2px rgb(#BC8F8F); 
--khaki-rose-shadow: 1px 1px 2px rgb(#C5908E); 
--lipstick-pink-shadow: 1px 1px 2px rgb(#C48793); 
--pink-brown-shadow: 1px 1px 2px rgb(#C48189); 
--old-rose-shadow: 1px 1px 2px rgb(#C08081); 
--dusty-pink-shadow: 1px 1px 2px rgb(#D58A94); 
--pink-daisy-shadow: 1px 1px 2px rgb(#E799A3); 
--rose-shadow: 1px 1px 2px rgb(#E8ADAA); 
--dusty-rose-shadow: 1px 1px 2px rgb(#C9A9A6); 
--silver-pink-shadow: 1px 1px 2px rgb(#C4AEAD); 
--gold-pink-shadow: 1px 1px 2px rgb(#E6C7C2); 
--rose-gold-shadow: 1px 1px 2px rgb(#ECC5C0); 
--deep-peach-shadow: 1px 1px 2px rgb(#FFCBA4); 
--pastel-orange-shadow: 1px 1px 2px rgb(#F8B88B); 
--desert-sand-shadow: 1px 1px 2px rgb(#EDC9AF); 
--unbleached-silk-shadow: 1px 1px 2px rgb(#FFDDCA); 
--pig-pink-shadow: 1px 1px 2px rgb(#FDD7E4); 
--pale-pink-shadow: 1px 1px 2px rgb(#F2D4D7); 
--blush-shadow: 1px 1px 2px rgb(#FFE6E8); 
--mistyrose-shadow: 1px 1px 2px rgb(#FFE4E1); 
--pink-bubble-gum-shadow: 1px 1px 2px rgb(#FFDFDD); 
--light-rose-shadow: 1px 1px 2px rgb(#FBCFCD); 
--light-red-shadow: 1px 1px 2px rgb(#FFCCCB); 
--warm-pink-shadow: 1px 1px 2px rgb(#F6C6BD); 
--deep-rose-shadow: 1px 1px 2px rgb(#FBBBB9); 
--pink-shadow: 1px 1px 2px rgb(#FFC0CB); 
--lightpink-shadow: 1px 1px 2px rgb(#FFB6C1); 
--soft-pink-shadow: 1px 1px 2px rgb(#FFB8BF); 
--donut-pink-shadow: 1px 1px 2px rgb(#FAAFBE); 
--baby-pink-shadow: 1px 1px 2px rgb(#FAAFBA); 
--flamingo-pink-shadow: 1px 1px 2px rgb(#F9A7B0); 
--pastel-pink-shadow: 1px 1px 2px rgb(#FEA3AA); 
--rose-pink-or-pink-rose-shadow: 1px 1px 2px rgb(#E7A1B0); 
--cadillac-pink-shadow: 1px 1px 2px rgb(#E38AAE); 
--carnation-pink-shadow: 1px 1px 2px rgb(#F778A1); 
--pastel-rose-shadow: 1px 1px 2px rgb(#E5788F); 
--blush-red-shadow: 1px 1px 2px rgb(#E56E94); 
--palevioletred-shadow: 1px 1px 2px rgb(#DB7093); 
--purple-pink-shadow: 1px 1px 2px rgb(#D16587); 
--tulip-pink-shadow: 1px 1px 2px rgb(#C25A7C); 
--bashful-pink-shadow: 1px 1px 2px rgb(#C25283); 
--dark-pink-shadow: 1px 1px 2px rgb(#E75480); 
--dark-hot-pink-shadow: 1px 1px 2px rgb(#F660AB); 
--hotpink-shadow: 1px 1px 2px rgb(#FF69B4); 
--watermelon-pink-shadow: 1px 1px 2px rgb(#FC6C85); 
--violet-red-shadow: 1px 1px 2px rgb(#F6358A); 
--hot-deep-pink-shadow: 1px 1px 2px rgb(#F52887); 
--bright-pink-shadow: 1px 1px 2px rgb(#FF007F); 
--deeppink-shadow: 1px 1px 2px rgb(#FF1493); 
--neon-pink-shadow: 1px 1px 2px rgb(#F535AA); 
--chrome-pink-shadow: 1px 1px 2px rgb(#FF33AA); 
--neon-hot-pink-shadow: 1px 1px 2px rgb(#FD349C); 
--pink-cupcake-shadow: 1px 1px 2px rgb(#E45E9D); 
--royal-pink-shadow: 1px 1px 2px rgb(#E759AC); 
--dimorphotheca-magenta-shadow: 1px 1px 2px rgb(#E3319D); 
--pink-lemonade-shadow: 1px 1px 2px rgb(#E4287C); 
--red-pink-shadow: 1px 1px 2px rgb(#FA2A55); 
--raspberry-shadow: 1px 1px 2px rgb(#E30B5D); 
--crimson-shadow: 1px 1px 2px rgb(#DC143C); 
--bright-maroon-shadow: 1px 1px 2px rgb(#C32148); 
--rose-red-shadow: 1px 1px 2px rgb(#C21E56); 
--rogue-pink-shadow: 1px 1px 2px rgb(#C12869); 
--burnt-pink-shadow: 1px 1px 2px rgb(#C12267); 
--pink-violet-shadow: 1px 1px 2px rgb(#CA226B); 
--magenta-pink-shadow: 1px 1px 2px rgb(#CC338B); 
--mediumvioletred-shadow: 1px 1px 2px rgb(#C71585); 
--dark-carnation-pink-shadow: 1px 1px 2px rgb(#C12283); 
--raspberry-purple-shadow: 1px 1px 2px rgb(#B3446C); 
--pink-plum-shadow: 1px 1px 2px rgb(#B93B8F); 
--orchid-shadow: 1px 1px 2px rgb(#DA70D6); 
--deep-mauve-shadow: 1px 1px 2px rgb(#DF73D4); 
--violet-shadow: 1px 1px 2px rgb(#EE82EE); 
--fuchsia-pink-shadow: 1px 1px 2px rgb(#FF77FF); 
--bright-neon-pink-shadow: 1px 1px 2px rgb(#F433FF); 
--fuchsia-or-magenta-shadow: 1px 1px 2px rgb(#FF00FF); 
--crimson-purple-shadow: 1px 1px 2px rgb(#E238EC); 
--heliotrope-purple-shadow: 1px 1px 2px rgb(#D462FF); 
--tyrian-purple-shadow: 1px 1px 2px rgb(#C45AEC); 
--mediumorchid-shadow: 1px 1px 2px rgb(#BA55D3); 
--purple-flower-shadow: 1px 1px 2px rgb(#A74AC7); 
--orchid-purple-shadow: 1px 1px 2px rgb(#B048B5); 
--rich-lilac-shadow: 1px 1px 2px rgb(#B666D2); 
--pastel-violet-shadow: 1px 1px 2px rgb(#D291BC); 
--mauve-taupe-shadow: 1px 1px 2px rgb(#915F6D); 
--viola-purple-shadow: 1px 1px 2px rgb(#7E587E); 
--eggplant-shadow: 1px 1px 2px rgb(#614051); 
--plum-purple-shadow: 1px 1px 2px rgb(#583759); 
--grape-shadow: 1px 1px 2px rgb(#5E5A80); 
--purple-navy-shadow: 1px 1px 2px rgb(#4E5180); 
--slateblue-shadow: 1px 1px 2px rgb(#6A5ACD); 
--blue-lotus-shadow: 1px 1px 2px rgb(#6960EC); 
--blurple-shadow: 1px 1px 2px rgb(#5865F2); 
--light-slate-blue-shadow: 1px 1px 2px rgb(#736AFF); 
--mediumslateblue-shadow: 1px 1px 2px rgb(#7B68EE); 
--periwinkle-purple-shadow: 1px 1px 2px rgb(#7575CF); 
--very-peri-shadow: 1px 1px 2px rgb(#6667AB); 
--bright-grape-shadow: 1px 1px 2px rgb(#6F2DA8); 
--purple-amethyst-shadow: 1px 1px 2px rgb(#6C2DC7); 
--bright-purple-shadow: 1px 1px 2px rgb(#6A0DAD); 
--deep-periwinkle-shadow: 1px 1px 2px rgb(#5453A6); 
--darkslateblue-shadow: 1px 1px 2px rgb(#483D8B); 
--purple-haze-shadow: 1px 1px 2px rgb(#4E387E); 
--purple-iris-shadow: 1px 1px 2px rgb(#571B7E); 
--dark-purple-shadow: 1px 1px 2px rgb(#4B0150); 
--deep-purple-shadow: 1px 1px 2px rgb(#36013F); 
--midnight-purple-shadow: 1px 1px 2px rgb(#2E1A47); 
--purple-monster-shadow: 1px 1px 2px rgb(#461B7E); 
--indigo-shadow: 1px 1px 2px rgb(#4B0082); 
--blue-whale-shadow: 1px 1px 2px rgb(#342D7E); 
--rebeccapurple-shadow: 1px 1px 2px rgb(#663399); 
--purple-jam-shadow: 1px 1px 2px rgb(#6A287E); 
--darkmagenta-shadow: 1px 1px 2px rgb(#8B008B); 
--purple-shadow: 1px 1px 2px rgb(#800080); 
--french-lilac-shadow: 1px 1px 2px rgb(#86608E); 
--darkorchid-shadow: 1px 1px 2px rgb(#9932CC); 
--darkviolet-shadow: 1px 1px 2px rgb(#9400D3); 
--purple-violet-shadow: 1px 1px 2px rgb(#8D38C9); 
--jasmine-purple-shadow: 1px 1px 2px rgb(#A23BEC); 
--purple-daffodil-shadow: 1px 1px 2px rgb(#B041FF); 
--clematis-violet-shadow: 1px 1px 2px rgb(#842DCE); 
--blueviolet-shadow: 1px 1px 2px rgb(#8A2BE2); 
--purple-sage-bush-shadow: 1px 1px 2px rgb(#7A5DC7); 
--lovely-purple-shadow: 1px 1px 2px rgb(#7F38EC); 
--neon-purple-shadow: 1px 1px 2px rgb(#9D00FF); 
--purple-plum-shadow: 1px 1px 2px rgb(#8E35EF); 
--aztech-purple-shadow: 1px 1px 2px rgb(#893BFF); 
--mediumpurple-shadow: 1px 1px 2px rgb(#9370DB); 
--light-purple-shadow: 1px 1px 2px rgb(#8467D7); 
--crocus-purple-shadow: 1px 1px 2px rgb(#9172EC); 
--purple-mimosa-shadow: 1px 1px 2px rgb(#9E7BFF); 
--periwinkle-shadow: 1px 1px 2px rgb(#CCCCFF); 
--pale-lilac-shadow: 1px 1px 2px rgb(#DCD0FF); 
--lavender-purple-shadow: 1px 1px 2px rgb(#967BB6); 
--rose-purple-shadow: 1px 1px 2px rgb(#B09FCA); 
--lilac-shadow: 1px 1px 2px rgb(#C8A2C8); 
--mauve-shadow: 1px 1px 2px rgb(#E0B0FF); 
--bright-lilac-shadow: 1px 1px 2px rgb(#D891EF); 
--purple-dragon-shadow: 1px 1px 2px rgb(#C38EC7); 
--plum-shadow: 1px 1px 2px rgb(#DDA0DD); 
--blush-pink-shadow: 1px 1px 2px rgb(#E6A9EC); 
--pastel-purple-shadow: 1px 1px 2px rgb(#F2A2E8); 
--blossom-pink-shadow: 1px 1px 2px rgb(#F9B7FF); 
--wisteria-purple-shadow: 1px 1px 2px rgb(#C6AEC7); 
--purple-thistle-shadow: 1px 1px 2px rgb(#D2B9D3); 
--thistle-shadow: 1px 1px 2px rgb(#D8BFD8); 
--purple-white-shadow: 1px 1px 2px rgb(#DFD3E3); 
--periwinkle-pink-shadow: 1px 1px 2px rgb(#E9CFEC); 
--cotton-candy-shadow: 1px 1px 2px rgb(#FCDFFF); 
--lavender-pinocchio-shadow: 1px 1px 2px rgb(#EBDDE2); 
--dark-white-shadow: 1px 1px 2px rgb(#E1D9D1); 
--ash-white-shadow: 1px 1px 2px rgb(#E9E4D4); 
--white-chocolate-shadow: 1px 1px 2px rgb(#EDE6D6); 
--soft-ivory-shadow: 1px 1px 2px rgb(#FAF0DD); 
--off-white-shadow: 1px 1px 2px rgb(#F8F0E3); 
--pearl-white-shadow: 1px 1px 2px rgb(#F8F6F0); 
--red-white-shadow: 1px 1px 2px rgb(#F3E8EA); 
--lavenderblush-shadow: 1px 1px 2px rgb(#FFF0F5); 
--pearl-shadow: 1px 1px 2px rgb(#FDEEF4); 
--egg-shell-shadow: 1px 1px 2px rgb(#FFF9E3); 
--oldlace-shadow: 1px 1px 2px rgb(#FEF0E3); 
--linen-shadow: 1px 1px 2px rgb(#FAF0E6); 
--seashell-shadow: 1px 1px 2px rgb(#FFF5EE); 
--bone-white-shadow: 1px 1px 2px rgb(#F9F6EE); 
--rice-shadow: 1px 1px 2px rgb(#FAF5EF); 
--floralwhite-shadow: 1px 1px 2px rgb(#FFFAF0); 
--ivory-shadow: 1px 1px 2px rgb(#FFFFF0); 
--white-gold-shadow: 1px 1px 2px rgb(#FFFFF4); 
--light-white-shadow: 1px 1px 2px rgb(#FFFFF7); 
--whitesmoke-shadow: 1px 1px 2px rgb(#F5F5F5); 
--cotton-shadow: 1px 1px 2px rgb(#FBFBF9); 
--snow-shadow: 1px 1px 2px rgb(#FFFAFA); 
--milk-white-shadow: 1px 1px 2px rgb(#FEFCFF); 
--half-white-shadow: 1px 1px 2px rgb(#FFFEFA); 
--white-shadow: 1px 1px 2px rgb(#FFFFFF); 
